"Parent Department","Organisation","Unit","Reporting Senior Post","Grade","Payscale Minimum (£)","Payscale Maximum (£)","Generic Job Title","Number of Posts in FTE","Professional/Occupational Group"
"Attorney General's Office","Government Legal Department","Bona Vacantia","3","AO","21850","23800","Legal Support Officer","10.00","Law"
"Attorney General's Office","Government Legal Department","Bona Vacantia","3","EO","25290","30000","Legal Officer","12.00","Law"
"Attorney General's Office","Government Legal Department","Bona Vacantia","3","G6","61200","75200","Senior Legal Adviser","3.00","Law"
"Attorney General's Office","Government Legal Department","Bona Vacantia","3","G7","48400","61000","Legal Adviser","7.61","Law"
"Attorney General's Office","Government Legal Department","Bona Vacantia","3","HEO","29550","35000","Legal Manager","10.50","Law"
"Attorney General's Office","Government Legal Department","Bona Vacantia","3","SEO","36250","43000","Legal Manager","5.00","Law"
"Attorney General's Office","Government Legal Department","Cabinet Office Legal Advisers","38","EO","25290","30000","Legal Officer","1.00","Law"
"Attorney General's Office","Government Legal Department","Cabinet Office Legal Advisers - General Policy & National Security","39","G6","61200","75200","Senior Legal Adviser","4.41","Law"
"Attorney General's Office","Government Legal Department","Cabinet Office Legal Advisers - General Policy & National Security","39","G7","48400","61000","Legal Adviser","3.00","Law"
"Attorney General's Office","Government Legal Department","Cabinet Office Legal Legal Advisers - Constitutional Law","40","G6","61200","75200","Senior Legal Adviser","3.63","Law"
"Attorney General's Office","Government Legal Department","Cabinet Office Legal Legal Advisers - Constitutional Law","40","G7","48400","61000","Legal Adviser","2.81","Law"
"Attorney General's Office","Government Legal Department","Cabinet Office Legal Legal Advisers - EU and International","41","G6","61200","75200","Senior Legal Adviser","3.80","Law"
"Attorney General's Office","Government Legal Department","Cabinet Office Legal Legal Advisers - EU and International","41","G7","48400","61000","Legal Adviser","2.80","Law"
"Attorney General's Office","Government Legal Department","Cabinet Office Legal Legal Advisers - EU and International","41","LT","28280","32320","Legal Trainee","1.00","Law"
"Attorney General's Office","Government Legal Department","Cabinet Office Legal Legal Advisers - Wales Office & International Law Legal Advisers","150","G6","61200","75200","Senior Legal Adviser","1.89","Law"
"Attorney General's Office","Government Legal Department","Cabinet Office Legal Legal Advisers - Wales Office & International Law Legal Advisers","150","G7","48400","61000","Legal Adviser","0.60","Law"
"Attorney General's Office","Government Legal Department","Commercial Law Group - Business Management Team","49","EO","25290","30000","Operational Officer","3.00","Operational Delivery"
"Attorney General's Office","Government Legal Department","Commercial Law Group - Business Management Team","49","G6","61200","75200","Operational Team Manager","1.00","Operational Delivery"
"Attorney General's Office","Government Legal Department","Commercial Law Group - Business Management Team","49","G7","48400","61000","Operational Team Manager","1.00","Operational Delivery"
"Attorney General's Office","Government Legal Department","Commercial Law Group - Business Management Team","49","HEO","29550","35000","Operational Manager","1.00","Operational Delivery"
"Attorney General's Office","Government Legal Department","Commercial Law Group - Business Management Team","49","SEO","36250","43000","Operational Manager","2.00","Operational Delivery"
"Attorney General's Office","Government Legal Department","Commercial Law Group Team A - Commercial Litigation","50","EO","25290","30000","Legal Officer","1.00","Law"
"Attorney General's Office","Government Legal Department","Commercial Law Group Team A - Commercial Litigation","50","G6","61200","75200","Senior Legal Adviser","4.80","Law"
"Attorney General's Office","Government Legal Department","Commercial Law Group Team A - Commercial Litigation","50","G7","48400","61000","Legal Adviser","10.90","Law"
"Attorney General's Office","Government Legal Department","Commercial Law Group Team A - Commercial Litigation","50","LO","42420","42420","Legal Manager","1.00","Law"
"Attorney General's Office","Government Legal Department","Commercial Law Group Team A - Commercial Litigation","50","LT","28280","32320","Legal Trainee","2.00","Law"
"Attorney General's Office","Government Legal Department","Commercial Law Group Team B - Transactional, CO, CCS, DCMS, HMT","51","EO","25290","30000","Legal Officer","1.00","Law"
"Attorney General's Office","Government Legal Department","Commercial Law Group Team B - Transactional, CO, CCS, DCMS, HMT","51","G6","61200","75200","Senior Legal Adviser","4.60","Law"
"Attorney General's Office","Government Legal Department","Commercial Law Group Team B - Transactional, CO, CCS, DCMS, HMT","51","G7","48400","61000","Legal Adviser","7.80","Law"
"Attorney General's Office","Government Legal Department","Commercial Law Group Team C - DHSC","52","EO","25290","30000","Legal Officer","1.00","Law"
"Attorney General's Office","Government Legal Department","Commercial Law Group Team C - DHSC","52","G6","61200","75200","Senior Legal Adviser","8.01","Law"
"Attorney General's Office","Government Legal Department","Commercial Law Group Team C - DHSC","52","G7","48400","61000","Legal Adviser","9.40","Law"
"Attorney General's Office","Government Legal Department","Commercial Law Group Team C - DHSC","52","HEO","29550","35000","Legal Manager","1.00","Law"
"Attorney General's Office","Government Legal Department","Commercial Law Group Team C - DHSC","52","LO","42420","42420","Legal Manager","1.00","Law"
"Attorney General's Office","Government Legal Department","Commercial Law Group Team C - DHSC","52","LT","28280","32320","Legal Trainee","1.00","Law"
"Attorney General's Office","Government Legal Department","Commercial Law Group Team D - HO, DCLG","53","G6","61200","75200","Senior Legal Adviser","2.80","Law"
"Attorney General's Office","Government Legal Department","Commercial Law Group Team D - HO, DCLG","53","G7","48400","61000","Legal Adviser","2.00","Law"
"Attorney General's Office","Government Legal Department","Commercial Law Group Team D - HO, DCLG","53","LO","42420","42420","Legal Manager","1.00","Law"
"Attorney General's Office","Government Legal Department","Commercial Law Group Team D - HO, DCLG","53","PS","22560","24260","Legal Support Officer","1.00","Law"
"Attorney General's Office","Government Legal Department","Commercial Law Group Team E - DEFRA, DFE","54","EO","25290","30000","Legal Officer","1.00","Law"
"Attorney General's Office","Government Legal Department","Commercial Law Group Team E - DEFRA, DFE","54","G6","61200","75200","Senior Legal Adviser","6.60","Law"
"Attorney General's Office","Government Legal Department","Commercial Law Group Team E - DEFRA, DFE","54","G7","48400","61000","Legal Adviser","7.81","Law"
"Attorney General's Office","Government Legal Department","Commercial Law Group Team E - DEFRA, DFE","54","HEO","29550","35000","Legal Manager","1.00","Law"
"Attorney General's Office","Government Legal Department","Commercial Law Group Team E - DEFRA, DFE","54","LO","42420","42420","Legal Manager","2.00","Law"
"Attorney General's Office","Government Legal Department","Commercial Law Group Team F - MOJ","55","EO","25290","30000","Legal Officer","1.00","Law"
"Attorney General's Office","Government Legal Department","Commercial Law Group Team F - MOJ","55","G6","61200","75200","Senior Legal Adviser","9.90","Law"
"Attorney General's Office","Government Legal Department","Commercial Law Group Team F - MOJ","55","G7","48400","61000","Legal Adviser","8.30","Law"
"Attorney General's Office","Government Legal Department","Commercial Law Group Team F - MOJ","55","HEO","29550","35000","Legal Manager","1.00","Law"
"Attorney General's Office","Government Legal Department","Commercial Law Group Team F - MOJ","55","LO","42420","42420","Legal Manager","3.00","Law"
"Attorney General's Office","Government Legal Department","Commercial Law Group Team F - MOJ","55","LT","28280","32320","Legal Trainee","1.00","Law"
"Attorney General's Office","Government Legal Department","Commercial Law Group Team G - DWP","56","G6","61200","75200","Senior Legal Adviser","13.00","Law"
"Attorney General's Office","Government Legal Department","Commercial Law Group Team G - DWP","56","G7","48400","61000","Legal Adviser","17.21","Law"
"Attorney General's Office","Government Legal Department","Commercial Law Group Team G - DWP","56","HEO","29550","35000","Legal Manager","2.00","Law"
"Attorney General's Office","Government Legal Department","Corporate Resources Group - Business Support","126","AO","21850","23800","Operational Support Officer","14.00","Operational Delivery"
"Attorney General's Office","Government Legal Department","Corporate Resources Group - Business Support","126","EO","25290","30000","Operational Officer","21.00","Operational Delivery"
"Attorney General's Office","Government Legal Department","Corporate Resources Group - Business Support","126","G6","61200","75200","Operational Team Manager","2.72","Operational Delivery"
"Attorney General's Office","Government Legal Department","Corporate Resources Group - Business Support","126","G7","48400","61000","Operational Team Manager","3.00","Operational Delivery"
"Attorney General's Office","Government Legal Department","Corporate Resources Group - Business Support","126","HEO","29550","35000","Operational Manager","27.00","Operational Delivery"
"Attorney General's Office","Government Legal Department","Corporate Resources Group - Business Support","126","SEO","36250","43000","Operational Manager","4.00","Operational Delivery"
"Attorney General's Office","Government Legal Department","Corporate Resources Group - Change","128","EO","25290","30000","Admin Support Officer","1.00","Programme and Project Management (PPM)"
"Attorney General's Office","Government Legal Department","Corporate Resources Group - Change","128","EO","25290","30000","PMO Team","1.00","Programme and Project Management (PPM)"
"Attorney General's Office","Government Legal Department","Corporate Resources Group - Change","128","EO","25290","30000","Project Support","1.00","Programme and Project Management (PPM)"
"Attorney General's Office","Government Legal Department","Corporate Resources Group - Change","128","G6","61200","75200","Business Analyst","1.00","Programme and Project Management (PPM)"
"Attorney General's Office","Government Legal Department","Corporate Resources Group - Change","128","G6","61200","75200","Developer","1.00","Programme and Project Management (PPM)"
"Attorney General's Office","Government Legal Department","Corporate Resources Group - Change","128","G6","61200","75200","Programme Manager","2.00","Programme and Project Management (PPM)"
"Attorney General's Office","Government Legal Department","Corporate Resources Group - Change","128","G7","48400","61000","Business Analyst","3.00","Programme and Project Management (PPM)"
"Attorney General's Office","Government Legal Department","Corporate Resources Group - Change","128","G7","48400","61000","PMO Lead","1.00","Programme and Project Management (PPM)"
"Attorney General's Office","Government Legal Department","Corporate Resources Group - Change","128","G7","48400","61000","Product Manager","1.00","Programme and Project Management (PPM)"
"Attorney General's Office","Government Legal Department","Corporate Resources Group - Change","128","G7","48400","61000","Project Manager","3.00","Programme and Project Management (PPM)"
"Attorney General's Office","Government Legal Department","Corporate Resources Group - Change","128","G7","48400","61000","Project Manager","1.00","Programme and Project Management (PPM)"
"Attorney General's Office","Government Legal Department","Corporate Resources Group - Change","128","HEO","29550","35000","Business Analyst","1.00","Programme and Project Management (PPM)"
"Attorney General's Office","Government Legal Department","Corporate Resources Group - Change","128","HEO","29550","35000","Developer","1.00","Programme and Project Management (PPM)"
"Attorney General's Office","Government Legal Department","Corporate Resources Group - Change","128","HEO","29550","35000","PMO Team","1.00","Programme and Project Management (PPM)"
"Attorney General's Office","Government Legal Department","Corporate Resources Group - Change","128","HEO","29550","35000","Project Support","2.00","Programme and Project Management (PPM)"
"Attorney General's Office","Government Legal Department","Corporate Resources Group - Change","128","HEO","29550","35000","Project Support","1.00","Programme and Project Management (PPM)"
"Attorney General's Office","Government Legal Department","Corporate Resources Group - Change","128","HEO","29550","35000","Tester","1.00","Programme and Project Management (PPM)"
"Attorney General's Office","Government Legal Department","Corporate Resources Group - Change","128","SEO","36250","43000","Business Analyst","4.00","Programme and Project Management (PPM)"
"Attorney General's Office","Government Legal Department","Corporate Resources Group - Change","128","SEO","36250","43000","Business Change Manager","1.00","Programme and Project Management (PPM)"
"Attorney General's Office","Government Legal Department","Corporate Resources Group - Change","128","SEO","36250","43000","Developer","1.00","Programme and Project Management (PPM)"
"Attorney General's Office","Government Legal Department","Corporate Resources Group - Change","128","SEO","36250","43000","Project Manager","1.00","Programme and Project Management (PPM)"
"Attorney General's Office","Government Legal Department","Corporate Resources Group - Communications","173","EO","25290","30000","Communications Officer","1.00","Communications"
"Attorney General's Office","Government Legal Department","Corporate Resources Group - Communications","173","G7","48400","61000","Communications Team Manager","1.00","Communications"
"Attorney General's Office","Government Legal Department","Corporate Resources Group - Communications","173","HEO","29550","35000","Communications Manager","1.00","Communications"
"Attorney General's Office","Government Legal Department","Corporate Resources Group - Communications","173","SEO","36250","43000","Communications Manager","2.00","Communications"
"Attorney General's Office","Government Legal Department","Corporate Resources Group - Finance","125","AO","21850","23800","Finance Support Officer","8.00","Finance"
"Attorney General's Office","Government Legal Department","Corporate Resources Group - Finance","125","EO","25290","30000","Finance Officer","9.60","Finance"
"Attorney General's Office","Government Legal Department","Corporate Resources Group - Finance","125","G6","61200","75200","Finance Team Manager","2.00","Finance"
"Attorney General's Office","Government Legal Department","Corporate Resources Group - Finance","125","G7","48400","61000","Finance Team Manager","2.00","Finance"
"Attorney General's Office","Government Legal Department","Corporate Resources Group - Finance","125","HEO","29550","35000","Finance Manager","6.89","Finance"
"Attorney General's Office","Government Legal Department","Corporate Resources Group - Finance","125","SEO","36250","43000","Finance Manager","6.80","Finance"
"Attorney General's Office","Government Legal Department","Corporate Resources Group - Governance","174","AO","21850","23800","Governance Support Officer","1.00","Planning"
"Attorney General's Office","Government Legal Department","Corporate Resources Group - Governance","174","G6","61200","75200","Governance Team Manager","1.00","Planning"
"Attorney General's Office","Government Legal Department","Corporate Resources Group - Governance","174","HEO","29550","35000","Governance Manager","2.67","Planning"
"Attorney General's Office","Government Legal Department","Corporate Resources Group - Human Resources","129","AO","21850","23800","HR Support Officer","14.00","Human Resources"
"Attorney General's Office","Government Legal Department","Corporate Resources Group - Human Resources","129","EO","25290","30000","HR Officer","12.60","Human Resources"
"Attorney General's Office","Government Legal Department","Corporate Resources Group - Human Resources","129","G6","61200","75200","HR Team Manager","2.00","Human Resources"
"Attorney General's Office","Government Legal Department","Corporate Resources Group - Human Resources","129","G7","48400","61000","HR Business Partner","2.00","Human Resources"
"Attorney General's Office","Government Legal Department","Corporate Resources Group - Human Resources","129","G7","48400","61000","HR Team Manager","1.30","Human Resources"
"Attorney General's Office","Government Legal Department","Corporate Resources Group - Human Resources","129","G7","48400","61000","Organisation Development Team Leader","1.00","Human Resources"
"Attorney General's Office","Government Legal Department","Corporate Resources Group - Human Resources","129","HEO","29550","35000","HR Manager","8.00","Human Resources"
"Attorney General's Office","Government Legal Department","Corporate Resources Group - Human Resources","129","SEO","36250","43000","HR Manager","4.00","Human Resources"
"Attorney General's Office","Government Legal Department","Corporate Resources Group - People and Change","127","HEO","29550","35000","Operational Manager","1.00","Operational Delivery"
"Attorney General's Office","Government Legal Department","Department for Business, Energy & Industrial Strategy Legal Advisers - Clean Energy","162","G6","61200","75200","Senior Legal Adviser","3.59","Law"
"Attorney General's Office","Government Legal Department","Department for Business, Energy & Industrial Strategy Legal Advisers - Clean Energy","162","G7","48400","61000","Legal Adviser","4.00","Law"
"Attorney General's Office","Government Legal Department","Department for Business, Energy & Industrial Strategy Legal Advisers - Consumers, Competition, & Postal Services","153","G6","61200","75200","Senior Legal Adviser","3.41","Law"
"Attorney General's Office","Government Legal Department","Department for Business, Energy & Industrial Strategy Legal Advisers - Consumers, Competition, & Postal Services","153","G7","48400","61000","Legal Adviser","1.78","Law"
"Attorney General's Office","Government Legal Department","Department for Business, Energy & Industrial Strategy Legal Advisers - Consumers, Competition, & Postal Services","153","LO","42420","42420","Legal Manager","1.00","Law"
"Attorney General's Office","Government Legal Department","Department for Business, Energy & Industrial Strategy Legal Advisers - Corporate Law","154","G6","61200","75200","Senior Legal Adviser","3.61","Law"
"Attorney General's Office","Government Legal Department","Department for Business, Energy & Industrial Strategy Legal Advisers - Corporate Law","154","G7","48400","61000","Legal Adviser","5.60","Law"
"Attorney General's Office","Government Legal Department","Department for Business, Energy & Industrial Strategy Legal Advisers - Energy Development","161","G6","61200","75200","Senior Legal Adviser","4.88","Law"
"Attorney General's Office","Government Legal Department","Department for Business, Energy & Industrial Strategy Legal Advisers - Energy Development","161","G7","48400","61000","Legal Adviser","4.92","Law"
"Attorney General's Office","Government Legal Department","Department for Business, Energy & Industrial Strategy Legal Advisers - Energy Efficiency, Heat & Climate Change","160","G6","61200","75200","Senior Legal Adviser","4.60","Law"
"Attorney General's Office","Government Legal Department","Department for Business, Energy & Industrial Strategy Legal Advisers - Energy Efficiency, Heat & Climate Change","160","G7","48400","61000","Legal Adviser","4.00","Law"
"Attorney General's Office","Government Legal Department","Department for Business, Energy & Industrial Strategy Legal Advisers - Energy Efficiency, Heat & Climate Change","160","LO","42420","42420","Legal Manager","1.00","Law"
"Attorney General's Office","Government Legal Department","Department for Business, Energy & Industrial Strategy Legal Advisers - Industry Investments & State Aid","155","G6","61200","75200","Senior Legal Adviser","2.46","Law"
"Attorney General's Office","Government Legal Department","Department for Business, Energy & Industrial Strategy Legal Advisers - Industry Investments & State Aid","155","G7","48400","61000","Legal Adviser","5.00","Law"
"Attorney General's Office","Government Legal Department","Department for Business, Energy & Industrial Strategy Legal Advisers - Industry Investments & State Aid","155","LO","42420","42420","Legal Manager","1.00","Law"
"Attorney General's Office","Government Legal Department","Department for Business, Energy & Industrial Strategy Legal Advisers - Industry Investments & State Aid","155","LT","28280","32320","Legal Trainee","1.00","Law"
"Attorney General's Office","Government Legal Department","Department for Business, Energy & Industrial Strategy Legal Advisers - International, EU & Trade Law","164","G6","61200","75200","Senior Legal Adviser","5.22","Law"
"Attorney General's Office","Government Legal Department","Department for Business, Energy & Industrial Strategy Legal Advisers - International, EU & Trade Law","164","G7","48400","61000","Legal Adviser","4.00","Law"
"Attorney General's Office","Government Legal Department","Department for Business, Energy & Industrial Strategy Legal Advisers - International, EU & Trade Law","164","LT","28280","32320","Legal Trainee","1.00","Law"
"Attorney General's Office","Government Legal Department","Department for Business, Energy & Industrial Strategy Legal Advisers - Labour Market","156","EO","25290","30000","Legal Officer","5.00","Law"
"Attorney General's Office","Government Legal Department","Department for Business, Energy & Industrial Strategy Legal Advisers - Labour Market","156","G6","61200","75200","Senior Legal Adviser","3.38","Law"
"Attorney General's Office","Government Legal Department","Department for Business, Energy & Industrial Strategy Legal Advisers - Labour Market","156","G7","48400","61000","Legal Adviser","3.75","Law"
"Attorney General's Office","Government Legal Department","Department for Business, Energy & Industrial Strategy Legal Advisers - Labour Market","156","HEO","29550","35000","Legal Manager","2.56","Law"
"Attorney General's Office","Government Legal Department","Department for Business, Energy & Industrial Strategy Legal Advisers - Networks, Markets & Security of Supply","165","G6","61200","75200","Senior Legal Adviser","7.72","Law"
"Attorney General's Office","Government Legal Department","Department for Business, Energy & Industrial Strategy Legal Advisers - Networks, Markets & Security of Supply","165","G7","48400","61000","Legal Adviser","4.00","Law"
"Attorney General's Office","Government Legal Department","Department for Business, Energy & Industrial Strategy Legal Advisers - Networks, Markets & Security of Supply","165","LO","42420","42420","Legal Manager","1.00","Law"
"Attorney General's Office","Government Legal Department","Department for Business, Energy & Industrial Strategy Legal Advisers - Nuclear and Non-Proliferation","163","G6","61200","75200","Senior Legal Adviser","8.53","Law"
"Attorney General's Office","Government Legal Department","Department for Business, Energy & Industrial Strategy Legal Advisers - Nuclear and Non-Proliferation","163","G7","48400","61000","Legal Adviser","3.80","Law"
"Attorney General's Office","Government Legal Department","Department for Business, Energy & Industrial Strategy Legal Advisers - Nuclear and Non-Proliferation","163","LT","28280","32320","Legal Trainee","1.00","Law"
"Attorney General's Office","Government Legal Department","Department for Business, Energy & Industrial Strategy Legal Advisers - Rescue Restructure & Insolvency","157","G6","61200","75200","Senior Legal Adviser","1.67","Law"
"Attorney General's Office","Government Legal Department","Department for Business, Energy & Industrial Strategy Legal Advisers - Rescue Restructure & Insolvency","157","G7","48400","61000","Legal Adviser","4.60","Law"
"Attorney General's Office","Government Legal Department","Department for Business, Energy & Industrial Strategy Legal Advisers - Rescue Restructure & Insolvency","157","LO","42420","42420","Legal Manager","1.00","Law"
"Attorney General's Office","Government Legal Department","Department for Business, Energy & Industrial Strategy Legal Advisers - Responsible Business Practices & Better Regulation","159","G6","61200","75200","Senior Legal Adviser","5.63","Law"
"Attorney General's Office","Government Legal Department","Department for Business, Energy & Industrial Strategy Legal Advisers - Responsible Business Practices & Better Regulation","159","G7","48400","61000","Legal Adviser","1.91","Law"
"Attorney General's Office","Government Legal Department","Department for Business, Energy & Industrial Strategy Legal Advisers - Responsible Business Practices & Better Regulation","159","LO","42420","42420","Legal Manager","1.00","Law"
"Attorney General's Office","Government Legal Department","Department for Business, Energy & Industrial Strategy Legal Advisers - Science & Intellectual Property","158","G6","61200","75200","Senior Legal Adviser","5.54","Law"
"Attorney General's Office","Government Legal Department","Department for Business, Energy & Industrial Strategy Legal Advisers - Science & Intellectual Property","158","G7","48400","61000","Legal Adviser","1.00","Law"
"Attorney General's Office","Government Legal Department","Department for Business, Energy & Industrial Strategy Legal Advisers - Science & Intellectual Property","158","LO","42420","42420","Legal Manager","1.00","Law"
"Attorney General's Office","Government Legal Department","Department for Culture, Media and Sport Legal Advisers - Data Protection","45","G6","61200","75200","Senior Legal Adviser","5.49","Law"
"Attorney General's Office","Government Legal Department","Department for Culture, Media and Sport Legal Advisers - Data Protection","45","G7","48400","61000","Legal Adviser","4.75","Law"
"Attorney General's Office","Government Legal Department","Department for Culture, Media and Sport Legal Advisers - Data Protection","45","LO","42420","42420","Legal Manager","2.00","Law"
"Attorney General's Office","Government Legal Department","Department for Culture, Media and Sport Legal Advisers - Digital, Telecoms, Sports & Gambling","43","G6","61200","75200","Senior Legal Adviser","4.23","Law"
"Attorney General's Office","Government Legal Department","Department for Culture, Media and Sport Legal Advisers - Digital, Telecoms, Sports & Gambling","43","G7","48400","61000","Legal Adviser","3.89","Law"
"Attorney General's Office","Government Legal Department","Department for Culture, Media and Sport Legal Advisers - Media & Culture","44","AO","21850","23800","Legal Support Officer","1.00","Law"
"Attorney General's Office","Government Legal Department","Department for Culture, Media and Sport Legal Advisers - Media & Culture","44","EO","25290","30000","Legal Officer","1.00","Law"
"Attorney General's Office","Government Legal Department","Department for Culture, Media and Sport Legal Advisers - Media & Culture","44","G6","61200","75200","Senior Legal Adviser","3.99","Law"
"Attorney General's Office","Government Legal Department","Department for Culture, Media and Sport Legal Advisers - Media & Culture","44","G7","48400","61000","Legal Adviser","3.30","Law"
"Attorney General's Office","Government Legal Department","Department for Culture, Media and Sport Legal Advisers and Health and Safety Executive","42","HEO","29550","35000","Legal Manager","1.00","Law"
"Attorney General's Office","Government Legal Department","Department for Education Legal Advisers - Academies","64","G6","61200","75200","Senior Legal Adviser","1.80","Law"
"Attorney General's Office","Government Legal Department","Department for Education Legal Advisers - Academies","64","G7","48400","61000","Legal Adviser","5.31","Law"
"Attorney General's Office","Government Legal Department","Department for Education Legal Advisers - Academies","64","LO","42420","42420","Legal Manager","1.00","Law"
"Attorney General's Office","Government Legal Department","Department for Education Legal Advisers - Children's Law","67","G6","61200","75200","Senior Legal Adviser","2.00","Law"
"Attorney General's Office","Government Legal Department","Department for Education Legal Advisers - Children's Law","67","G7","48400","61000","Legal Adviser","4.00","Law"
"Attorney General's Office","Government Legal Department","Department for Education Legal Advisers - Children's Law","67","LT","28280","32320","Legal Trainee","0.81","Law"
"Attorney General's Office","Government Legal Department","Department for Education Legal Advisers - Further Education & Apprenticeships","136","G6","61200","75200","Senior Legal Adviser","4.22","Law"
"Attorney General's Office","Government Legal Department","Department for Education Legal Advisers - Further Education & Apprenticeships","136","G7","48400","61000","Legal Adviser","4.50","Law"
"Attorney General's Office","Government Legal Department","Department for Education Legal Advisers - Higher Education","137","G6","61200","75200","Senior Legal Adviser","5.24","Law"
"Attorney General's Office","Government Legal Department","Department for Education Legal Advisers - Higher Education","137","G7","48400","61000","Legal Adviser","3.81","Law"
"Attorney General's Office","Government Legal Department","Department for Education Legal Advisers - Higher Education","137","LO","42420","42420","Legal Manager","1.00","Law"
"Attorney General's Office","Government Legal Department","Department for Education Legal Advisers - Schools & Pupils","65","G6","61200","75200","Senior Legal Adviser","4.63","Law"
"Attorney General's Office","Government Legal Department","Department for Education Legal Advisers - Schools & Pupils","65","G7","48400","61000","Legal Adviser","4.60","Law"
"Attorney General's Office","Government Legal Department","Department for Education Legal Advisers - Teaching & Independent Schools","68","G6","61200","75200","Senior Legal Adviser","4.52","Law"
"Attorney General's Office","Government Legal Department","Department for Education Legal Advisers - Teaching & Independent Schools","68","G7","48400","61000","Legal Adviser","1.00","Law"
"Attorney General's Office","Government Legal Department","Department for Education Legal Advisers - Teaching & Independent Schools","68","LO","42420","42420","Legal Manager","1.00","Law"
"Attorney General's Office","Government Legal Department","Department for Education Legal Advisers & Government Equalities Office","63","EO","25290","30000","Legal Officer","4.29","Law"
"Attorney General's Office","Government Legal Department","Department for Education Legal Advisers & Government Equalities Office","63","HEO","29550","35000","Legal Manager","3.00","Law"
"Attorney General's Office","Government Legal Department","Department for Environment, Food & Rural Affairs Legal Advisers","117","EO","25290","30000","Legal Officer","2.00","Law"
"Attorney General's Office","Government Legal Department","Department for Environment, Food & Rural Affairs Legal Advisers  - Agricultural","120","G6","61200","75200","Senior Legal Adviser","3.38","Law"
"Attorney General's Office","Government Legal Department","Department for Environment, Food & Rural Affairs Legal Advisers  - Agricultural","120","G7","48400","61000","Legal Adviser","8.95","Law"
"Attorney General's Office","Government Legal Department","Department for Environment, Food & Rural Affairs Legal Advisers  - Air Quality & Water","121","G6","61200","75200","Senior Legal Adviser","4.47","Law"
"Attorney General's Office","Government Legal Department","Department for Environment, Food & Rural Affairs Legal Advisers  - Air Quality & Water","121","G7","48400","61000","Legal Adviser","5.89","Law"
"Attorney General's Office","Government Legal Department","Department for Environment, Food & Rural Affairs Legal Advisers  - Air Quality & Water","121","LT","28280","32320","Legal Trainee","1.00","Law"
"Attorney General's Office","Government Legal Department","Department for Environment, Food & Rural Affairs Legal Advisers  - Animal Health and Welfare, Plants and Food","119","AO","21850","23800","Legal Support Officer","1.00","Law"
"Attorney General's Office","Government Legal Department","Department for Environment, Food & Rural Affairs Legal Advisers  - Animal Health and Welfare, Plants and Food","119","G6","61200","75200","Senior Legal Adviser","3.80","Law"
"Attorney General's Office","Government Legal Department","Department for Environment, Food & Rural Affairs Legal Advisers  - Animal Health and Welfare, Plants and Food","119","G7","48400","61000","Legal Adviser","4.60","Law"
"Attorney General's Office","Government Legal Department","Department for Environment, Food & Rural Affairs Legal Advisers  - Animal Health and Welfare, Plants and Food","119","LT","28280","32320","Legal Trainee","1.00","Law"
"Attorney General's Office","Government Legal Department","Department for Environment, Food & Rural Affairs Legal Advisers  - Biodiversity, Marine and Wildlife","118","AO","21850","23800","Legal Support Officer","2.00","Law"
"Attorney General's Office","Government Legal Department","Department for Environment, Food & Rural Affairs Legal Advisers  - Biodiversity, Marine and Wildlife","118","EO","25290","30000","Legal Officer","2.00","Law"
"Attorney General's Office","Government Legal Department","Department for Environment, Food & Rural Affairs Legal Advisers  - Biodiversity, Marine and Wildlife","118","G6","61200","75200","Senior Legal Adviser","7.11","Law"
"Attorney General's Office","Government Legal Department","Department for Environment, Food & Rural Affairs Legal Advisers  - Biodiversity, Marine and Wildlife","118","G7","48400","61000","Legal Adviser","5.21","Law"
"Attorney General's Office","Government Legal Department","Department for Environment, Food & Rural Affairs Legal Advisers  - Biodiversity, Marine and Wildlife","118","HEO","29550","35000","Legal Manager","1.00","Law"
"Attorney General's Office","Government Legal Department","Department for Environment, Food & Rural Affairs Legal Advisers  - Biodiversity, Marine and Wildlife","118","LO","42420","42420","Legal Manager","1.00","Law"
"Attorney General's Office","Government Legal Department","Department for Environment, Food & Rural Affairs Legal Advisers  - Environmental Quality and Countryside","122","G6","61200","75200","Senior Legal Adviser","4.60","Law"
"Attorney General's Office","Government Legal Department","Department for Environment, Food & Rural Affairs Legal Advisers  - Environmental Quality and Countryside","122","G7","48400","61000","Legal Adviser","5.60","Law"
"Attorney General's Office","Government Legal Department","Department for Environment, Food & Rural Affairs Legal Advisers  - International, EU Exit and Trade","123","AO","21850","23800","Legal Support Officer","1.00","Law"
"Attorney General's Office","Government Legal Department","Department for Environment, Food & Rural Affairs Legal Advisers  - International, EU Exit and Trade","123","G6","61200","75200","Senior Legal Adviser","5.40","Law"
"Attorney General's Office","Government Legal Department","Department for Environment, Food & Rural Affairs Legal Advisers  - International, EU Exit and Trade","123","G7","48400","61000","Legal Adviser","6.00","Law"
"Attorney General's Office","Government Legal Department","Department for Environment, Food & Rural Affairs Legal Advisers  - International, EU Exit and Trade","123","LO","42420","42420","Legal Manager","1.00","Law"
"Attorney General's Office","Government Legal Department","Department for Exiting the European Union Legal Advisers -  EU Withdrawal","140","G6","61200","75200","Senior Legal Adviser","4.80","Law"
"Attorney General's Office","Government Legal Department","Department for Exiting the European Union Legal Advisers -  EU Withdrawal","140","G7","48400","61000","Legal Adviser","6.50","Law"
"Attorney General's Office","Government Legal Department","Department for Exiting the European Union Legal Advisers -  EU Withdrawal","140","LO","42420","42420","Legal Manager","1.00","Law"
"Attorney General's Office","Government Legal Department","Department for Exiting the European Union Legal Advisers -  Future relationships","41","G6","61200","75200","Senior Legal Adviser","5.17","Law"
"Attorney General's Office","Government Legal Department","Department for Exiting the European Union Legal Advisers -  Future relationships","41","G7","48400","61000","Legal Adviser","2.00","Law"
"Attorney General's Office","Government Legal Department","Department for Exiting the European Union Legal Advisers -  Future relationships","141","G6","61200","75200","Senior Legal Adviser","2.60","Law"
"Attorney General's Office","Government Legal Department","Department for Exiting the European Union Legal Advisers -  Future relationships","141","G7","48400","61000","Legal Adviser","1.00","Law"
"Attorney General's Office","Government Legal Department","Department for Exiting the European Union Legal Advisers -  Future relationships","141","LT","28280","32320","Legal Trainee","1.00","Law"
"Attorney General's Office","Government Legal Department","Department for Exiting the European Union Legal Advisers - EU Business","37","G6","61200","75200","Senior Legal Adviser","2.00","Law"
"Attorney General's Office","Government Legal Department","Department for Exiting the European Union Legal Advisers - EU Business","37","G7","48400","61000","Legal Adviser","3.58","Law"
"Attorney General's Office","Government Legal Department","Department for Exiting the European Union Legal Advisers - Legislation","36","G6","61200","75200","Senior Legal Adviser","7.20","Law"
"Attorney General's Office","Government Legal Department","Department for Exiting the European Union Legal Advisers - Legislation","36","G7","48400","61000","Legal Adviser","1.60","Law"
"Attorney General's Office","Government Legal Department","Department for Exiting the European Union Legal Advisers - Professional Support Team","135","AO","21850","23800","Legal Support Officer","2.50","Law"
"Attorney General's Office","Government Legal Department","Department for Exiting the European Union Legal Advisers - Professional Support Team","135","EO","25290","30000","Legal Officer","2.00","Law"
"Attorney General's Office","Government Legal Department","Department for International Development Legal Advisers","170","G6","61200","75200","Senior Legal Adviser","1.00","Law"
"Attorney General's Office","Government Legal Department","Department for International Development Legal Advisers","170","G7","48400","61000","Legal Adviser","0.60","Law"
"Attorney General's Office","Government Legal Department","Department for International Trade Legal Advisers - Business Support","132","EO","25290","30000","Legal Officer","5.00","Law"
"Attorney General's Office","Government Legal Department","Department for International Trade Legal Advisers - Business Support","132","G7","48400","61000","Legal Adviser","1.00","Law"
"Attorney General's Office","Government Legal Department","Department for International Trade Legal Advisers - Business Support","132","HEO","29550","35000","Legal Manager","1.00","Law"
"Attorney General's Office","Government Legal Department","Department for International Trade Legal Advisers - Disputes, Investment & Development","170","G6","61200","75200","Senior Legal Adviser","3.00","Law"
"Attorney General's Office","Government Legal Department","Department for International Trade Legal Advisers - Disputes, Investment & Development","170","G7","48400","61000","Legal Adviser","5.00","Law"
"Attorney General's Office","Government Legal Department","Department for International Trade Legal Advisers - FTAs & Regulation","168","G6","61200","75200","Senior Legal Adviser","3.07","Law"
"Attorney General's Office","Government Legal Department","Department for International Trade Legal Advisers - FTAs & Regulation","168","G7","48400","61000","Legal Adviser","4.00","Law"
"Attorney General's Office","Government Legal Department","Department for International Trade Legal Advisers - FTAs & Regulation","168","LO","42420","42420","Legal Manager","1.00","Law"
"Attorney General's Office","Government Legal Department","Department for International Trade Legal Advisers - FTAs & Services","175","G6","61200","75200","Senior Legal Adviser","4.00","Law"
"Attorney General's Office","Government Legal Department","Department for International Trade Legal Advisers - FTAs & Services","175","G7","48400","61000","Legal Adviser","2.00","Law"
"Attorney General's Office","Government Legal Department","Department for International Trade Legal Advisers - FTAs & Services","175","LT","28280","32320","Legal Trainee","1.00","Law"
"Attorney General's Office","Government Legal Department","Department for International Trade Legal Advisers - Goods, EU Exit & Multilateral","169","G6","61200","75200","Senior Legal Adviser","2.89","Law"
"Attorney General's Office","Government Legal Department","Department for International Trade Legal Advisers - Goods, EU Exit & Multilateral","169","G7","48400","61000","Legal Adviser","4.00","Law"
"Attorney General's Office","Government Legal Department","Department for International Trade Legal Advisers - Goods, EU Exit & Multilateral","169","LO","42420","42420","Legal Manager","1.00","Law"
"Attorney General's Office","Government Legal Department","Department for International Trade Legal Advisers - Trade Remedies & Controls","171","EO","25290","30000","Legal Officer","1.00","Law"
"Attorney General's Office","Government Legal Department","Department for International Trade Legal Advisers - Trade Remedies & Controls","171","G6","61200","75200","Senior Legal Adviser","3.60","Law"
"Attorney General's Office","Government Legal Department","Department for International Trade Legal Advisers - Trade Remedies & Controls","171","G7","48400","61000","Legal Adviser","2.00","Law"
"Attorney General's Office","Government Legal Department","Department for International Trade Legal Advisers - Trade Remedies & Controls","171","LO","42420","42420","Legal Manager","1.00","Law"
"Attorney General's Office","Government Legal Department","Department for Transport  Legal Advisers - Business Delivery","83","AO","21850","23800","Legal Support Officer","2.60","Law"
"Attorney General's Office","Government Legal Department","Department for Transport  Legal Advisers - Business Delivery","83","EO","25290","30000","Legal Officer","2.00","Law"
"Attorney General's Office","Government Legal Department","Department for Transport  Legal Advisers - Business Delivery","83","G7","48400","61000","Legal Adviser","1.00","Law"
"Attorney General's Office","Government Legal Department","Department for Transport  Legal Advisers - Business Delivery","83","HEO","29550","35000","Legal Manager","1.00","Law"
"Attorney General's Office","Government Legal Department","Department for Transport Legal Advisers - Aviation","91","G6","61200","75200","Senior Legal Adviser","6.94","Law"
"Attorney General's Office","Government Legal Department","Department for Transport Legal Advisers - Aviation","91","G7","48400","61000","Legal Adviser","7.40","Law"
"Attorney General's Office","Government Legal Department","Department for Transport Legal Advisers - EU Exit & Trade","88","G6","61200","75200","Senior Legal Adviser","5.86","Law"
"Attorney General's Office","Government Legal Department","Department for Transport Legal Advisers - EU Exit & Trade","88","G7","48400","61000","Legal Adviser","2.70","Law"
"Attorney General's Office","Government Legal Department","Department for Transport Legal Advisers - EU Exit & Trade","88","LO","42420","42420","Legal Manager","1.00","Law"
"Attorney General's Office","Government Legal Department","Department for Transport Legal Advisers - Maritime","92","G6","61200","75200","Senior Legal Adviser","5.90","Law"
"Attorney General's Office","Government Legal Department","Department for Transport Legal Advisers - Maritime","92","G7","48400","61000","Legal Adviser","4.00","Law"
"Attorney General's Office","Government Legal Department","Department for Transport Legal Advisers - Rail and London","86","G6","61200","75200","Senior Legal Adviser","7.40","Law"
"Attorney General's Office","Government Legal Department","Department for Transport Legal Advisers - Rail and London","86","G7","48400","61000","Legal Adviser","4.78","Law"
"Attorney General's Office","Government Legal Department","Department for Transport Legal Advisers - Rail and London","86","LT","28280","32320","Legal Trainee","2.00","Law"
"Attorney General's Office","Government Legal Department","Department for Transport Legal Advisers - Rail Commercial Contracts & Procurement - Team 1","87","G6","61200","75200","Senior Legal Adviser","3.80","Law"
"Attorney General's Office","Government Legal Department","Department for Transport Legal Advisers - Rail Commercial Contracts & Procurement - Team 1","87","G7","48400","61000","Legal Adviser","4.60","Law"
"Attorney General's Office","Government Legal Department","Department for Transport Legal Advisers - Rail Commercial Contracts & Procurement - Team 1","87","LT","28280","32320","Legal Trainee","1.00","Law"
"Attorney General's Office","Government Legal Department","Department for Transport Legal Advisers - Rail Commercial Contracts & Procurement - Team 2","176","G6","61200","75200","Senior Legal Adviser","3.00","Law"
"Attorney General's Office","Government Legal Department","Department for Transport Legal Advisers - Rail Commercial Contracts & Procurement - Team 2","176","G7","48400","61000","Legal Adviser","3.81","Law"
"Attorney General's Office","Government Legal Department","Department for Transport Legal Advisers - Rail Commercial Contracts & Procurement - Team 2","176","LO","42420","42420","Legal Manager","1.00","Law"
"Attorney General's Office","Government Legal Department","Department for Transport Legal Advisers - Rail Projects","85","G6","61200","75200","Senior Legal Adviser","5.92","Law"
"Attorney General's Office","Government Legal Department","Department for Transport Legal Advisers - Rail Projects","85","G7","48400","61000","Legal Adviser","3.00","Law"
"Attorney General's Office","Government Legal Department","Department for Transport Legal Advisers - Rail Projects","85","LO","42420","42420","Legal Manager","1.00","Law"
"Attorney General's Office","Government Legal Department","Department for Transport Legal Advisers - Roads Group 1","93","G6","61200","75200","Senior Legal Adviser","4.60","Law"
"Attorney General's Office","Government Legal Department","Department for Transport Legal Advisers - Roads Group 1","93","G7","48400","61000","Legal Adviser","5.30","Law"
"Attorney General's Office","Government Legal Department","Department for Transport Legal Advisers - Roads Group 2","90","G6","61200","75200","Senior Legal Adviser","4.83","Law"
"Attorney General's Office","Government Legal Department","Department for Transport Legal Advisers - Roads Group 2","90","G7","48400","61000","Legal Adviser","5.42","Law"
"Attorney General's Office","Government Legal Department","Department for Transport Legal Advisers - Roads Group 2","90","LO","42420","42420","Legal Manager","1.00","Law"
"Attorney General's Office","Government Legal Department","Department for Work and Pensions Legal Advisers - Data-sharing, Fraud & Decision making","81","G6","61200","75200","Senior Legal Adviser","3.74","Law"
"Attorney General's Office","Government Legal Department","Department for Work and Pensions Legal Advisers - Data-sharing, Fraud & Decision making","81","G7","48400","61000","Legal Adviser","6.21","Law"
"Attorney General's Office","Government Legal Department","Department for Work and Pensions Legal Advisers - Data-sharing, Fraud & Decision making","81","LO","42420","42420","Legal Manager","1.00","Law"
"Attorney General's Office","Government Legal Department","Department for Work and Pensions Legal Advisers - Data-sharing, Fraud & Decision making","81","LT","28280","32320","Legal Trainee","1.00","Law"
"Attorney General's Office","Government Legal Department","Department for Work and Pensions Legal Advisers - Disability, Jobseekers & Employment Support","80","G6","61200","75200","Senior Legal Adviser","5.47","Law"
"Attorney General's Office","Government Legal Department","Department for Work and Pensions Legal Advisers - Disability, Jobseekers & Employment Support","80","G7","48400","61000","Legal Adviser","7.80","Law"
"Attorney General's Office","Government Legal Department","Department for Work and Pensions Legal Advisers - Disability, Jobseekers & Employment Support","80","LO","42420","42420","Legal Manager","1.00","Law"
"Attorney General's Office","Government Legal Department","Department for Work and Pensions Legal Advisers - EU & International Affarirs","78","G6","61200","75200","Senior Legal Adviser","4.00","Law"
"Attorney General's Office","Government Legal Department","Department for Work and Pensions Legal Advisers - EU & International Affarirs","78","G7","48400","61000","Legal Adviser","7.60","Law"
"Attorney General's Office","Government Legal Department","Department for Work and Pensions Legal Advisers - EU & International Affarirs","78","LT","28280","32320","Legal Trainee","1.00","Law"
"Attorney General's Office","Government Legal Department","Department for Work and Pensions Legal Advisers - Pensions and Child Maintenance","79","EO","25290","30000","Legal Officer","4.00","Law"
"Attorney General's Office","Government Legal Department","Department for Work and Pensions Legal Advisers - Pensions and Child Maintenance","79","G6","61200","75200","Senior Legal Adviser","5.27","Law"
"Attorney General's Office","Government Legal Department","Department for Work and Pensions Legal Advisers - Pensions and Child Maintenance","79","G7","48400","61000","Legal Adviser","6.52","Law"
"Attorney General's Office","Government Legal Department","Department for Work and Pensions Legal Advisers - Pensions and Child Maintenance","79","LO","42420","42420","Legal Manager","1.00","Law"
"Attorney General's Office","Government Legal Department","Department for Work and Pensions Legal Advisers - Pensions and Child Maintenance","79","SEO","36250","43000","Legal Manager","1.00","Law"
"Attorney General's Office","Government Legal Department","Department for Work and Pensions Legal Advisers - Universal Credit and Housing Support","82","G6","61200","75200","Senior Legal Adviser","4.27","Law"
"Attorney General's Office","Government Legal Department","Department for Work and Pensions Legal Advisers - Universal Credit and Housing Support","82","G7","48400","61000","Legal Adviser","4.86","Law"
"Attorney General's Office","Government Legal Department","Department for Work and Pensions Legal Advisers - Universal Credit and Housing Support","82","LO","42420","42420","Legal Manager","1.00","Law"
"Attorney General's Office","Government Legal Department","Department for Work and Pensions Legal Advisers - Universal Credit and Housing Support","82","LT","28280","32320","Legal Trainee","1.00","Law"
"Attorney General's Office","Government Legal Department","Department of Health and Social Care Legal Advisers - EU Exit, NHS Efficiency & Workforce","147","EO","25290","30000","Legal Officer","1.00","Law"
"Attorney General's Office","Government Legal Department","Department of Health and Social Care Legal Advisers - EU Exit, NHS Efficiency & Workforce","147","G6","61200","75200","Senior Legal Adviser","5.08","Law"
"Attorney General's Office","Government Legal Department","Department of Health and Social Care Legal Advisers - EU Exit, NHS Efficiency & Workforce","147","G7","48400","61000","Legal Adviser","5.88","Law"
"Attorney General's Office","Government Legal Department","Department of Health and Social Care Legal Advisers - EU Exit, NHS Efficiency & Workforce","147","LO","42420","42420","Legal Manager","1.00","Law"
"Attorney General's Office","Government Legal Department","Department of Health and Social Care Legal Advisers - EU Exit, NHS Efficiency & Workforce","147","LT","28280","32320","Legal Trainee","1.00","Law"
"Attorney General's Office","Government Legal Department","Department of Health and Social Care Legal Advisers - MHRA, Medicines & Information","149","G6","61200","75200","Senior Legal Adviser","6.99","Law"
"Attorney General's Office","Government Legal Department","Department of Health and Social Care Legal Advisers - MHRA, Medicines & Information","149","G7","48400","61000","Legal Adviser","6.90","Law"
"Attorney General's Office","Government Legal Department","Department of Health and Social Care Legal Advisers - NHS & Mental Health","148","G6","61200","75200","Senior Legal Adviser","4.00","Law"
"Attorney General's Office","Government Legal Department","Department of Health and Social Care Legal Advisers - NHS & Mental Health","148","G7","48400","61000","Legal Adviser","3.00","Law"
"Attorney General's Office","Government Legal Department","Department of Health and Social Care Legal Advisers - NHS & Mental Health","148","LO","42420","42420","Legal Manager","1.00","Law"
"Attorney General's Office","Government Legal Department","Department of Health and Social Care Legal Advisers - Public Health & Ethics","144","G6","61200","75200","Senior Legal Adviser","3.07","Law"
"Attorney General's Office","Government Legal Department","Department of Health and Social Care Legal Advisers - Public Health & Ethics","144","G7","48400","61000","Legal Adviser","4.33","Law"
"Attorney General's Office","Government Legal Department","Department of Health and Social Care Legal Advisers - Public Health & Ethics","144","LO","42420","42420","Legal Manager","1.00","Law"
"Attorney General's Office","Government Legal Department","Department of Health and Social Care Legal Advisers - Standards & Social Care","146","G6","61200","75200","Senior Legal Adviser","4.00","Law"
"Attorney General's Office","Government Legal Department","Department of Health and Social Care Legal Advisers - Standards & Social Care","146","G7","48400","61000","Legal Adviser","4.62","Law"
"Attorney General's Office","Government Legal Department","Department of Health and Social Care Legal Advisers Support Team","57","EO","25290","30000","Legal Officer","4.00","Law"
"Attorney General's Office","Government Legal Department","Department of Health and Social Care Legal Advisers Support Team","57","HEO","29550","35000","Legal Manager","1.00","Law"
"Attorney General's Office","Government Legal Department","Employment Group","110","AO","21850","23800","Legal Support Officer","1.00","Law"
"Attorney General's Office","Government Legal Department","Employment Group","110","EO","25290","30000","Legal Officer","1.00","Law"
"Attorney General's Office","Government Legal Department","Employment Group","110","G6","61200","75200","Senior Legal Adviser","0.61","Law"
"Attorney General's Office","Government Legal Department","Employment Group Team E1","112","EO","25290","30000","Legal Officer","6.69","Law"
"Attorney General's Office","Government Legal Department","Employment Group Team E1","112","G6","61200","75200","Senior Legal Adviser","6.26","Law"
"Attorney General's Office","Government Legal Department","Employment Group Team E1","112","G7","48400","61000","Legal Adviser","11.22","Law"
"Attorney General's Office","Government Legal Department","Employment Group Team E1","112","LO","42420","42420","Legal Manager","1.00","Law"
"Attorney General's Office","Government Legal Department","Employment Group Team E1","112","LT","28280","32320","Legal Trainee","1.00","Law"
"Attorney General's Office","Government Legal Department","Employment Group Team E1","112","SEO","36250","43000","Legal Manager","1.00","Law"
"Attorney General's Office","Government Legal Department","Employment Group Team E2","113","EO","25290","30000","Legal Officer","4.00","Law"
"Attorney General's Office","Government Legal Department","Employment Group Team E2","113","G6","61200","75200","Senior Legal Adviser","5.40","Law"
"Attorney General's Office","Government Legal Department","Employment Group Team E2","113","G7","48400","61000","Legal Adviser","7.33","Law"
"Attorney General's Office","Government Legal Department","Employment Group Team E3","114","EO","25290","30000","Legal Officer","2.00","Law"
"Attorney General's Office","Government Legal Department","Employment Group Team E3","114","G6","61200","75200","Senior Legal Adviser","8.88","Law"
"Attorney General's Office","Government Legal Department","Employment Group Team E3","114","G7","48400","61000","Legal Adviser","6.00","Law"
"Attorney General's Office","Government Legal Department","Employment Group Team E3","114","HEO","29550","35000","Legal Manager","0.60","Law"
"Attorney General's Office","Government Legal Department","Employment Group Team E3","114","LO","42420","42420","Legal Manager","1.00","Law"
"Attorney General's Office","Government Legal Department","Employment Group Team E4","115","AO","21850","23800","Legal Support Officer","1.00","Law"
"Attorney General's Office","Government Legal Department","Employment Group Team E4","115","EO","25290","30000","Legal Officer","4.00","Law"
"Attorney General's Office","Government Legal Department","Employment Group Team E4","115","G6","61200","75200","Senior Legal Adviser","7.52","Law"
"Attorney General's Office","Government Legal Department","Employment Group Team E4","115","G7","48400","61000","Legal Adviser","13.41","Law"
"Attorney General's Office","Government Legal Department","Employment Group Team E5","116","EO","25290","30000","Legal Officer","4.00","Law"
"Attorney General's Office","Government Legal Department","Employment Group Team E5","116","G6","61200","75200","Senior Legal Adviser","6.85","Law"
"Attorney General's Office","Government Legal Department","Employment Group Team E5","116","G7","48400","61000","Legal Adviser","9.92","Law"
"Attorney General's Office","Government Legal Department","Employment Group Team E5","116","LO","42420","42420","Legal Manager","2.00","Law"
"Attorney General's Office","Government Legal Department","Employment Group Team E5","116","LT","28280","32320","Legal Trainee","1.00","Law"
"Attorney General's Office","Government Legal Department","Government Equalities Office","66","G6","61200","75200","Senior Legal Adviser","3.43","Law"
"Attorney General's Office","Government Legal Department","Government Equalities Office","66","G7","48400","61000","Legal Adviser","0.81","Law"
"Attorney General's Office","Government Legal Department","Government Legal Service Secretariat","130","EO","25290","30000","Operational Officer","1.00","Operational Delivery"
"Attorney General's Office","Government Legal Department","Government Legal Service Secretariat","130","G7","48400","61000","Operational Team Manager","0.51","Operational Delivery"
"Attorney General's Office","Government Legal Department","Government Legal Service Secretariat","130","HEO","29550","35000","Operational Manager","1.00","Operational Delivery"
"Attorney General's Office","Government Legal Department","Health & Safety Executive","47","AO","21850","23800","Legal Support Officer","1.00","Law"
"Attorney General's Office","Government Legal Department","Health & Safety Executive","47","EO","25290","30000","Legal Officer","0.67","Law"
"Attorney General's Office","Government Legal Department","Health & Safety Executive","47","G6","61200","75200","Senior Legal Adviser","4.63","Law"
"Attorney General's Office","Government Legal Department","Health & Safety Executive","47","G7","48400","61000","Legal Adviser","4.60","Law"
"Attorney General's Office","Government Legal Department","Health & Safety Executive","47","LO","42420","42420","Legal Manager","1.00","Law"
"Attorney General's Office","Government Legal Department","Health & Safety Executive","47","LT","28280","32320","Legal Trainee","1.00","Law"
"Attorney General's Office","Government Legal Department","Her Majesty's Treasury Legal Advisers  - Public Finance & General Team","8","EO","25290","30000","Legal Officer","1.00","Law"
"Attorney General's Office","Government Legal Department","Her Majesty's Treasury Legal Advisers  - Public Finance & General Team","8","G6","61200","75200","Senior Legal Adviser","8.56","Law"
"Attorney General's Office","Government Legal Department","Her Majesty's Treasury Legal Advisers  - Public Finance & General Team","8","G7","48400","61000","Legal Adviser","1.00","Law"
"Attorney General's Office","Government Legal Department","Her Majesty's Treasury Legal Advisers  - Public Finance & General Team","8","LO","42420","42420","Legal Manager","1.00","Law"
"Attorney General's Office","Government Legal Department","Her Majesty's Treasury Legal Advisers - EU, Exit Legislation Team","142","EO","25290","30000","Legal Officer","1.00","Law"
"Attorney General's Office","Government Legal Department","Her Majesty's Treasury Legal Advisers - EU, Exit Legislation Team","142","G6","61200","75200","Senior Legal Adviser","5.70","Law"
"Attorney General's Office","Government Legal Department","Her Majesty's Treasury Legal Advisers - EU, Exit Legislation Team","142","G7","48400","61000","Legal Adviser","5.61","Law"
"Attorney General's Office","Government Legal Department","Her Majesty's Treasury Legal Advisers - Financial Services 1 - Insurance Markets & Mutuals Team","5","G6","61200","75200","Senior Legal Adviser","3.40","Law"
"Attorney General's Office","Government Legal Department","Her Majesty's Treasury Legal Advisers - Financial Services 1 - Insurance Markets & Mutuals Team","5","G7","48400","61000","Legal Adviser","3.80","Law"
"Attorney General's Office","Government Legal Department","Her Majesty's Treasury Legal Advisers - Financial Services 2 - Banking Sanctions & Criminal Finance","6","G6","61200","75200","Senior Legal Adviser","6.83","Law"
"Attorney General's Office","Government Legal Department","Her Majesty's Treasury Legal Advisers - Financial Services 2 - Banking Sanctions & Criminal Finance","6","G7","48400","61000","Legal Adviser","3.00","Law"
"Attorney General's Office","Government Legal Department","Her Majesty's Treasury Legal Advisers - Financial Services 2 - Banking Sanctions & Criminal Finance","6","LO","42420","42420","Legal Manager","1.00","Law"
"Attorney General's Office","Government Legal Department","Her Majesty's Treasury Legal Advisers - Financial Services 3 - Financial Stability & Sfinancial services Bill","7","G6","61200","75200","Senior Legal Adviser","5.80","Law"
"Attorney General's Office","Government Legal Department","Her Majesty's Treasury Legal Advisers - Financial Services 3 - Financial Stability & Sfinancial services Bill","7","G7","48400","61000","Legal Adviser","2.00","Law"
"Attorney General's Office","Government Legal Department","Her Majesty's Treasury Legal Advisers - Financial Services 3 - Financial Stability & Sfinancial services Bill","7","LO","42420","42420","Legal Manager","1.00","Law"
"Attorney General's Office","Government Legal Department","Home Office Legal Advisers","95","EO","25290","30000","Legal Officer","1.00","Law"
"Attorney General's Office","Government Legal Department","Home Office Legal Advisers  - Border & Enforcement","104","G6","61200","75200","Senior Legal Adviser","2.21","Law"
"Attorney General's Office","Government Legal Department","Home Office Legal Advisers  - Border & Enforcement","104","G7","48400","61000","Legal Adviser","5.60","Law"
"Attorney General's Office","Government Legal Department","Home Office Legal Advisers  - Border & Enforcement","104","LO","42420","42420","Legal Manager","1.00","Law"
"Attorney General's Office","Government Legal Department","Home Office Legal Advisers  - EU & International","106","G6","61200","75200","Senior Legal Adviser","4.00","Law"
"Attorney General's Office","Government Legal Department","Home Office Legal Advisers  - EU & International","106","G7","48400","61000","Legal Adviser","3.60","Law"
"Attorney General's Office","Government Legal Department","Home Office Legal Advisers  - EU & International","106","LO","42420","42420","Legal Manager","1.00","Law"
"Attorney General's Office","Government Legal Department","Home Office Legal Advisers  - Immigration & Asylum","105","G6","61200","75200","Senior Legal Adviser","4.20","Law"
"Attorney General's Office","Government Legal Department","Home Office Legal Advisers  - Immigration & Asylum","105","G7","48400","61000","Legal Adviser","8.40","Law"
"Attorney General's Office","Government Legal Department","Home Office Legal Advisers  - Northern Ireland Office & Identity","109","G6","61200","75200","Senior Legal Adviser","3.40","Law"
"Attorney General's Office","Government Legal Department","Home Office Legal Advisers  - Northern Ireland Office & Identity","109","G7","48400","61000","Legal Adviser","1.80","Law"
"Attorney General's Office","Government Legal Department","Home Office Legal Advisers  - Policing & Crime Reduction & Fire","108","G6","61200","75200","Senior Legal Adviser","6.49","Law"
"Attorney General's Office","Government Legal Department","Home Office Legal Advisers  - Policing & Crime Reduction & Fire","108","G7","48400","61000","Legal Adviser","4.50","Law"
"Attorney General's Office","Government Legal Department","Home Office Legal Advisers  - Policing & Crime Reduction & Fire","108","LO","42420","42420","Legal Manager","1.00","Law"
"Attorney General's Office","Government Legal Department","Home Office Legal Advisers  - Policing & Crime Reduction & Fire","108","LT","28280","32320","Legal Trainee","1.00","Law"
"Attorney General's Office","Government Legal Department","Home Office Legal Advisers  - Security, International & Organised Crime","107","AO","21850","23800","Legal Support Officer","1.00","Law"
"Attorney General's Office","Government Legal Department","Home Office Legal Advisers  - Security, International & Organised Crime","107","G6","61200","75200","Senior Legal Adviser","3.43","Law"
"Attorney General's Office","Government Legal Department","Home Office Legal Advisers  - Security, International & Organised Crime","107","G7","48400","61000","Legal Adviser","3.80","Law"
"Attorney General's Office","Government Legal Department","Home Office Legal Advisers  - Security, International & Organised Crime","107","LT","28280","32320","Legal Trainee","1.00","Law"
"Attorney General's Office","Government Legal Department","Home Office Legal Advisers - Business Support & Secondary Legislation Unit","102","EO","25290","30000","Legal Officer","3.81","Law"
"Attorney General's Office","Government Legal Department","Home Office Legal Advisers - Business Support & Secondary Legislation Unit","102","HEO","29550","35000","Legal Manager","1.00","Law"
"Attorney General's Office","Government Legal Department","Home Office Legal Advisers - Business Support & Secondary Legislation Unit","102","SEO","36250","43000","Legal Manager","1.00","Law"
"Attorney General's Office","Government Legal Department","Home Office Legal Advisers - Business Support & Secondary Legislation Unit","103","G7","48400","61000","Legal Adviser","1.00","Law"
"Attorney General's Office","Government Legal Department","Legal Quality Team","131","G6","61200","75200","Senior Legal Adviser","0.83","Law"
"Attorney General's Office","Government Legal Department","Legal Quality Team","131","G7","48400","61000","Legal Adviser","1.60","Law"
"Attorney General's Office","Government Legal Department","Litigation","18","EO","25290","30000","Operational Officer","1.00","Operational Delivery"
"Attorney General's Office","Government Legal Department","Litigation - Practice Management Unit","19","AO","21850","23800","Operational Support Officer","13.00","Operational Delivery"
"Attorney General's Office","Government Legal Department","Litigation - Practice Management Unit","19","EO","25290","30000","Operational Officer","6.00","Operational Delivery"
"Attorney General's Office","Government Legal Department","Litigation - Practice Management Unit","19","G6","61200","75200","Operational Team Manager","2.00","Operational Delivery"
"Attorney General's Office","Government Legal Department","Litigation - Practice Management Unit","19","G7","48400","61000","Operational Team Manager","4.00","Operational Delivery"
"Attorney General's Office","Government Legal Department","Litigation - Practice Management Unit","19","HEO","29550","35000","Operational Manager","3.00","Operational Delivery"
"Attorney General's Office","Government Legal Department","Litigation - Practice Management Unit","19","SEO","36250","43000","Operational Manager","2.00","Operational Delivery"
"Attorney General's Office","Government Legal Department","Litigation A","20","EO","25290","30000","Legal Officer","2.00","Law"
"Attorney General's Office","Government Legal Department","Litigation A","20","LT","28280","32320","Legal Trainee","1.00","Law"
"Attorney General's Office","Government Legal Department","Litigation A - Team A1 - MoJ Private Law","21","AO","21850","23800","Legal Support Officer","7.00","Law"
"Attorney General's Office","Government Legal Department","Litigation A - Team A1 - MoJ Private Law","21","EO","25290","30000","Legal Officer","7.00","Law"
"Attorney General's Office","Government Legal Department","Litigation A - Team A1 - MoJ Private Law","21","G6","61200","75200","Senior Legal Adviser","6.60","Law"
"Attorney General's Office","Government Legal Department","Litigation A - Team A1 - MoJ Private Law","21","G7","48400","61000","Legal Adviser","25.12","Law"
"Attorney General's Office","Government Legal Department","Litigation A - Team A1 - MoJ Private Law","21","HEO","29550","35000","Legal Manager","1.00","Law"
"Attorney General's Office","Government Legal Department","Litigation A - Team A1 - MoJ Private Law","21","LO","42420","42420","Legal Manager","2.00","Law"
"Attorney General's Office","Government Legal Department","Litigation A - Team A1 - MoJ Private Law","21","LT","28280","32320","Legal Trainee","1.00","Law"
"Attorney General's Office","Government Legal Department","Litigation A - Team A2 - MoJ Private Law","22","AO","21850","23800","Legal Support Officer","2.00","Law"
"Attorney General's Office","Government Legal Department","Litigation A - Team A2 - MoJ Private Law","22","EO","25290","30000","Legal Officer","8.64","Law"
"Attorney General's Office","Government Legal Department","Litigation A - Team A2 - MoJ Private Law","22","G6","61200","75200","Senior Legal Adviser","6.60","Law"
"Attorney General's Office","Government Legal Department","Litigation A - Team A2 - MoJ Private Law","22","G7","48400","61000","Legal Adviser","26.07","Law"
"Attorney General's Office","Government Legal Department","Litigation A - Team A2 - MoJ Private Law","22","LO","42420","42420","Legal Manager","2.00","Law"
"Attorney General's Office","Government Legal Department","Litigation A - Team A2 - MoJ Private Law","22","LT","28280","32320","Legal Trainee","1.00","Law"
"Attorney General's Office","Government Legal Department","Litigation A - Team A2 - MoJ Private Law","22","PS","22560","24260","Legal Support Officer","1.00","Law"
"Attorney General's Office","Government Legal Department","Litigation A - Team A3 - MoD Private Law","23","AO","21850","23800","Legal Support Officer","1.60","Law"
"Attorney General's Office","Government Legal Department","Litigation A - Team A3 - MoD Private Law","23","EO","25290","30000","Legal Officer","2.00","Law"
"Attorney General's Office","Government Legal Department","Litigation A - Team A3 - MoD Private Law","23","G6","61200","75200","Senior Legal Adviser","4.00","Law"
"Attorney General's Office","Government Legal Department","Litigation A - Team A3 - MoD Private Law","23","G7","48400","61000","Legal Adviser","8.60","Law"
"Attorney General's Office","Government Legal Department","Litigation A - Team A3 - MoD Private Law","23","SEO","36250","43000","Legal Manager","3.71","Law"
"Attorney General's Office","Government Legal Department","Litigation A - Team A5 -  General Private Law & Costs","25","AO","21850","23800","Legal Support Officer","12.00","Law"
"Attorney General's Office","Government Legal Department","Litigation A - Team A5 -  General Private Law & Costs","25","EO","25290","30000","Legal Officer","11.60","Law"
"Attorney General's Office","Government Legal Department","Litigation A - Team A5 -  General Private Law & Costs","25","G6","61200","75200","Senior Legal Adviser","6.60","Law"
"Attorney General's Office","Government Legal Department","Litigation A - Team A5 -  General Private Law & Costs","25","G7","48400","61000","Legal Adviser","8.34","Law"
"Attorney General's Office","Government Legal Department","Litigation A - Team A5 -  General Private Law & Costs","25","HEO","29550","35000","Legal Manager","4.00","Law"
"Attorney General's Office","Government Legal Department","Litigation A - Team A5 -  General Private Law & Costs","25","LO","42420","42420","Legal Manager","1.00","Law"
"Attorney General's Office","Government Legal Department","Litigation A - Team A8 - MoD Private Law","143","AO","21850","23800","Legal Support Officer","2.00","Law"
"Attorney General's Office","Government Legal Department","Litigation A - Team A8 - MoD Private Law","143","EO","25290","30000","Legal Officer","5.00","Law"
"Attorney General's Office","Government Legal Department","Litigation A - Team A8 - MoD Private Law","143","G6","61200","75200","Senior Legal Adviser","4.90","Law"
"Attorney General's Office","Government Legal Department","Litigation A - Team A8 - MoD Private Law","143","G7","48400","61000","Legal Adviser","21.85","Law"
"Attorney General's Office","Government Legal Department","Litigation A - Team B4 - Justice & Security Public Law","24","AO","21850","23800","Legal Support Officer","4.00","Law"
"Attorney General's Office","Government Legal Department","Litigation A - Team B4 - Justice & Security Public Law","24","EO","25290","30000","Legal Officer","6.00","Law"
"Attorney General's Office","Government Legal Department","Litigation A - Team B4 - Justice & Security Public Law","24","G6","61200","75200","Senior Legal Adviser","8.84","Law"
"Attorney General's Office","Government Legal Department","Litigation A - Team B4 - Justice & Security Public Law","24","G7","48400","61000","Legal Adviser","18.71","Law"
"Attorney General's Office","Government Legal Department","Litigation A - Team B4 - Justice & Security Public Law","24","LO","42420","42420","Legal Manager","2.00","Law"
"Attorney General's Office","Government Legal Department","Litigation A - Team B4 - Justice & Security Public Law","24","LT","28280","32320","Legal Trainee","2.00","Law"
"Attorney General's Office","Government Legal Department","Litigation A - Team N1- National Security","26","AO","21850","23800","Legal Support Officer","2.00","Law"
"Attorney General's Office","Government Legal Department","Litigation A - Team N1- National Security","26","EO","25290","30000","Legal Officer","3.80","Law"
"Attorney General's Office","Government Legal Department","Litigation A - Team N1- National Security","26","G6","61200","75200","Senior Legal Adviser","8.53","Law"
"Attorney General's Office","Government Legal Department","Litigation A - Team N1- National Security","26","G7","48400","61000","Legal Adviser","11.30","Law"
"Attorney General's Office","Government Legal Department","Litigation B","27","AO","21850","23800","Legal Support Officer","17.60","Law"
"Attorney General's Office","Government Legal Department","Litigation B","27","EO","25290","30000","Legal Officer","6.90","Law"
"Attorney General's Office","Government Legal Department","Litigation B","27","LT","28280","32320","Legal Trainee","1.00","Law"
"Attorney General's Office","Government Legal Department","Litigation B","27","SEO","36250","43000","Legal Manager","1.00","Law"
"Attorney General's Office","Government Legal Department","Litigation B - Team A4 - General Private Law","32","AO","21850","23800","Legal Support Officer","5.36","Law"
"Attorney General's Office","Government Legal Department","Litigation B - Team A4 - General Private Law","32","EO","25290","30000","Legal Officer","8.50","Law"
"Attorney General's Office","Government Legal Department","Litigation B - Team A4 - General Private Law","32","G6","61200","75200","Senior Legal Adviser","5.70","Law"
"Attorney General's Office","Government Legal Department","Litigation B - Team A4 - General Private Law","32","G7","48400","61000","Legal Adviser","20.12","Law"
"Attorney General's Office","Government Legal Department","Litigation B - Team A4 - General Private Law","32","PS","22560","24260","Legal Support Officer","1.00","Law"
"Attorney General's Office","Government Legal Department","Litigation B - Team B1 - Home Office Immigration","28","AO","21850","23800","Legal Support Officer","5.00","Law"
"Attorney General's Office","Government Legal Department","Litigation B - Team B1 - Home Office Immigration","28","EO","25290","30000","Legal Officer","8.00","Law"
"Attorney General's Office","Government Legal Department","Litigation B - Team B1 - Home Office Immigration","28","G6","61200","75200","Senior Legal Adviser","5.89","Law"
"Attorney General's Office","Government Legal Department","Litigation B - Team B1 - Home Office Immigration","28","G7","48400","61000","Legal Adviser","18.10","Law"
"Attorney General's Office","Government Legal Department","Litigation B - Team B1 - Home Office Immigration","28","HEO","29550","35000","Legal Manager","3.80","Law"
"Attorney General's Office","Government Legal Department","Litigation B - Team B1 - Home Office Immigration","28","LT","28280","32320","Legal Trainee","3.00","Law"
"Attorney General's Office","Government Legal Department","Litigation B - Team B1 - Home Office Immigration","28","SEO","36250","43000","Legal Manager","1.00","Law"
"Attorney General's Office","Government Legal Department","Litigation B - Team B2 - Home Office Immigration","29","AO","21850","23800","Legal Support Officer","5.00","Law"
"Attorney General's Office","Government Legal Department","Litigation B - Team B2 - Home Office Immigration","29","EO","25290","30000","Legal Officer","8.00","Law"
"Attorney General's Office","Government Legal Department","Litigation B - Team B2 - Home Office Immigration","29","G6","61200","75200","Senior Legal Adviser","6.81","Law"
"Attorney General's Office","Government Legal Department","Litigation B - Team B2 - Home Office Immigration","29","G7","48400","61000","Legal Adviser","20.33","Law"
"Attorney General's Office","Government Legal Department","Litigation B - Team B2 - Home Office Immigration","29","HEO","29550","35000","Legal Manager","5.00","Law"
"Attorney General's Office","Government Legal Department","Litigation B - Team B2 - Home Office Immigration","29","LT","28280","32320","Legal Trainee","1.00","Law"
"Attorney General's Office","Government Legal Department","Litigation B - Team B3 - Home Office Immigration","30","AO","21850","23800","Legal Support Officer","4.80","Law"
"Attorney General's Office","Government Legal Department","Litigation B - Team B3 - Home Office Immigration","30","EO","25290","30000","Legal Officer","10.00","Law"
"Attorney General's Office","Government Legal Department","Litigation B - Team B3 - Home Office Immigration","30","G6","61200","75200","Senior Legal Adviser","4.88","Law"
"Attorney General's Office","Government Legal Department","Litigation B - Team B3 - Home Office Immigration","30","G7","48400","61000","Legal Adviser","14.80","Law"
"Attorney General's Office","Government Legal Department","Litigation B - Team B3 - Home Office Immigration","30","HEO","29550","35000","Legal Manager","3.00","Law"
"Attorney General's Office","Government Legal Department","Litigation B - Team B3 - Home Office Immigration","30","LO","42420","42420","Legal Manager","2.00","Law"
"Attorney General's Office","Government Legal Department","Litigation B - Team B3 - Home Office Immigration","30","LT","28280","32320","Legal Trainee","3.00","Law"
"Attorney General's Office","Government Legal Department","Litigation B - Team B5 - General Public Law & Planning","33","AO","21850","23800","Legal Support Officer","3.00","Law"
"Attorney General's Office","Government Legal Department","Litigation B - Team B5 - General Public Law & Planning","33","EO","25290","30000","Legal Officer","3.00","Law"
"Attorney General's Office","Government Legal Department","Litigation B - Team B5 - General Public Law & Planning","33","G6","61200","75200","Senior Legal Adviser","6.69","Law"
"Attorney General's Office","Government Legal Department","Litigation B - Team B5 - General Public Law & Planning","33","G7","48400","61000","Legal Adviser","18.00","Law"
"Attorney General's Office","Government Legal Department","Litigation B - Team B5 - General Public Law & Planning","33","HEO","29550","35000","Legal Manager","1.00","Law"
"Attorney General's Office","Government Legal Department","Litigation B - Team B5 - General Public Law & Planning","33","LT","28280","32320","Legal Trainee","3.00","Law"
"Attorney General's Office","Government Legal Department","Litigation B - Team B6 - General Public Law & DHSC/DWP","34","AO","21850","23800","Legal Support Officer","3.40","Law"
"Attorney General's Office","Government Legal Department","Litigation B - Team B6 - General Public Law & DHSC/DWP","34","EO","25290","30000","Legal Officer","3.00","Law"
"Attorney General's Office","Government Legal Department","Litigation B - Team B6 - General Public Law & DHSC/DWP","34","G6","61200","75200","Senior Legal Adviser","4.09","Law"
"Attorney General's Office","Government Legal Department","Litigation B - Team B6 - General Public Law & DHSC/DWP","34","G7","48400","61000","Legal Adviser","7.60","Law"
"Attorney General's Office","Government Legal Department","Litigation B - Team B6 - General Public Law & DHSC/DWP","34","HEO","29550","35000","Legal Manager","1.00","Law"
"Attorney General's Office","Government Legal Department","Litigation B - Team B6 - General Public Law & DHSC/DWP","34","LO","42420","42420","Legal Manager","1.00","Law"
"Attorney General's Office","Government Legal Department","Litigation B - Team B6 - General Public Law & DHSC/DWP","34","LT","28280","32320","Legal Trainee","1.00","Law"
"Attorney General's Office","Government Legal Department","Litigation B - Team B8 - Home Office Immigration","31","AO","21850","23800","Legal Support Officer","5.34","Law"
"Attorney General's Office","Government Legal Department","Litigation B - Team B8 - Home Office Immigration","31","EO","25290","30000","Legal Officer","7.00","Law"
"Attorney General's Office","Government Legal Department","Litigation B - Team B8 - Home Office Immigration","31","G6","61200","75200","Senior Legal Adviser","4.80","Law"
"Attorney General's Office","Government Legal Department","Litigation B - Team B8 - Home Office Immigration","31","G7","48400","61000","Legal Adviser","19.60","Law"
"Attorney General's Office","Government Legal Department","Litigation B - Team B8 - Home Office Immigration","31","HEO","29550","35000","Legal Manager","4.60","Law"
"Attorney General's Office","Government Legal Department","Litigation B - Team B8 - Home Office Immigration","31","LO","42420","42420","Legal Manager","2.00","Law"
"Attorney General's Office","Government Legal Department","Litigation B - Team B8 - Home Office Immigration","31","LT","28280","32320","Legal Trainee","6.00","Law"
"Attorney General's Office","Government Legal Department","Ministry of Defence Legal Advisers - Command, Discipline & Constitutional Division","73","G6","61200","75200","Senior Legal Adviser","3.50","Law"
"Attorney General's Office","Government Legal Department","Ministry of Defence Legal Advisers - Command, Discipline & Constitutional Division","73","G7","48400","61000","Legal Adviser","3.20","Law"
"Attorney General's Office","Government Legal Department","Ministry of Defence Legal Advisers - Commercial Law Team","76","G6","61200","75200","Senior Legal Adviser","6.21","Law"
"Attorney General's Office","Government Legal Department","Ministry of Defence Legal Advisers - Commercial Law Team","76","G7","48400","61000","Legal Adviser","14.54","Law"
"Attorney General's Office","Government Legal Department","Ministry of Defence Legal Advisers - Commercial Law Team","76","LO","42420","42420","Legal Manager","3.00","Law"
"Attorney General's Office","Government Legal Department","Ministry of Defence Legal Advisers - General Law Team","72","G6","61200","75200","Senior Legal Adviser","3.00","Law"
"Attorney General's Office","Government Legal Department","Ministry of Defence Legal Advisers - General Law Team","72","G7","48400","61000","Legal Adviser","2.00","Law"
"Attorney General's Office","Government Legal Department","Ministry of Defence Legal Advisers - General Law Team","72","LO","42420","42420","Legal Manager","1.00","Law"
"Attorney General's Office","Government Legal Department","Ministry of Defence Legal Advisers - Legal Advisor's Office in Cyprus","75","G6","61200","75200","Senior Legal Adviser","2.00","Law"
"Attorney General's Office","Government Legal Department","Ministry of Defence Legal Advisers - Legal Advisor's Office in Cyprus","75","G7","48400","61000","Legal Adviser","2.00","Law"
"Attorney General's Office","Government Legal Department","Ministry of Defence Legal Advisers - Operational and International Humanitarian Law Team","71","G6","61200","75200","Senior Legal Adviser","5.00","Law"
"Attorney General's Office","Government Legal Department","Ministry of Defence Legal Advisers - Operational and International Humanitarian Law Team","71","SEO","36250","43000","Legal Manager","4.00","Law"
"Attorney General's Office","Government Legal Department","Ministry of Defence Legal Advisers - Property Team","139","G7","48400","61000","Legal Adviser","3.43","Law"
"Attorney General's Office","Government Legal Department","Ministry of Defence Legal Advisers - Property Team","139","HEO","29550","35000","Legal Manager","2.22","Law"
"Attorney General's Office","Government Legal Department","Ministry of Housing, Communities and Local Government Legal Advisers","96","EO","25290","30000","Legal Officer","0.80","Law"
"Attorney General's Office","Government Legal Department","Ministry of Housing, Communities and Local Government Legal Advisers  - Building Safety & Inquiry","167","AO","21850","23800","Legal Support Officer","1.00","Law"
"Attorney General's Office","Government Legal Department","Ministry of Housing, Communities and Local Government Legal Advisers  - Building Safety & Inquiry","167","EO","25290","30000","Legal Officer","1.00","Law"
"Attorney General's Office","Government Legal Department","Ministry of Housing, Communities and Local Government Legal Advisers  - Building Safety & Inquiry","167","G6","61200","75200","Senior Legal Adviser","1.89","Law"
"Attorney General's Office","Government Legal Department","Ministry of Housing, Communities and Local Government Legal Advisers  - Building Safety & Inquiry","167","G7","48400","61000","Legal Adviser","4.00","Law"
"Attorney General's Office","Government Legal Department","Ministry of Housing, Communities and Local Government Legal Advisers  - Building Safety & Inquiry","167","HEO","29550","35000","Legal Manager","1.00","Law"
"Attorney General's Office","Government Legal Department","Ministry of Housing, Communities and Local Government Legal Advisers  - European Programmes and Local Growth","97","G6","61200","75200","Senior Legal Adviser","2.00","Law"
"Attorney General's Office","Government Legal Department","Ministry of Housing, Communities and Local Government Legal Advisers  - European Programmes and Local Growth","97","G7","48400","61000","Legal Adviser","2.58","Law"
"Attorney General's Office","Government Legal Department","Ministry of Housing, Communities and Local Government Legal Advisers  - Housing, & Land","98","G6","61200","75200","Senior Legal Adviser","2.83","Law"
"Attorney General's Office","Government Legal Department","Ministry of Housing, Communities and Local Government Legal Advisers  - Housing, & Land","98","G7","48400","61000","Legal Adviser","4.26","Law"
"Attorney General's Office","Government Legal Department","Ministry of Housing, Communities and Local Government Legal Advisers  - Local Government","99","AO","21850","23800","Legal Support Officer","1.00","Law"
"Attorney General's Office","Government Legal Department","Ministry of Housing, Communities and Local Government Legal Advisers  - Local Government","99","G6","61200","75200","Senior Legal Adviser","1.83","Law"
"Attorney General's Office","Government Legal Department","Ministry of Housing, Communities and Local Government Legal Advisers  - Local Government","99","G7","48400","61000","Legal Adviser","3.00","Law"
"Attorney General's Office","Government Legal Department","Ministry of Housing, Communities and Local Government Legal Advisers  - Local Government","99","LO","42420","42420","Legal Manager","1.00","Law"
"Attorney General's Office","Government Legal Department","Ministry of Housing, Communities and Local Government Legal Advisers  - Planning & infrastructure (including the Planning Inspectorate(PINS))","101","G6","61200","75200","Senior Legal Adviser","3.80","Law"
"Attorney General's Office","Government Legal Department","Ministry of Housing, Communities and Local Government Legal Advisers  - Planning & infrastructure (including the Planning Inspectorate(PINS))","101","G7","48400","61000","Legal Adviser","6.49","Law"
"Attorney General's Office","Government Legal Department","Ministry of Housing, Communities and Local Government Legal Advisers  - Planning & infrastructure (including the Planning Inspectorate(PINS))","101","LO","42420","42420","Legal Manager","1.00","Law"
"Attorney General's Office","Government Legal Department","Ministry of Housing, Communities and Local Government Legal Advisers  - Planning & infrastructure (including the Planning Inspectorate(PINS))","101","LT","28280","32320","Legal Trainee","1.00","Law"
"Attorney General's Office","Government Legal Department","Ministry of Housing, Communities and Local Government Legal Advisers  - Planning Reform","100","G6","61200","75200","Senior Legal Adviser","2.60","Law"
"Attorney General's Office","Government Legal Department","Ministry of Housing, Communities and Local Government Legal Advisers  - Planning Reform","100","G7","48400","61000","Legal Adviser","6.27","Law"
"Attorney General's Office","Government Legal Department","Ministry of Justice Legal Advisers - Business Support","10","EO","25290","30000","Legal Officer","3.56","Law"
"Attorney General's Office","Government Legal Department","Ministry of Justice Legal Advisers - Business Support","10","G7","48400","61000","Legal Adviser","1.00","Law"
"Attorney General's Office","Government Legal Department","Ministry of Justice Legal Advisers - Civil & Family","11","G6","61200","75200","Senior Legal Adviser","4.64","Law"
"Attorney General's Office","Government Legal Department","Ministry of Justice Legal Advisers - Civil & Family","11","G7","48400","61000","Legal Adviser","5.11","Law"
"Attorney General's Office","Government Legal Department","Ministry of Justice Legal Advisers - Civil & Family","11","LO","42420","42420","Legal Manager","1.00","Law"
"Attorney General's Office","Government Legal Department","Ministry of Justice Legal Advisers - Courts, Tribunals, Judiciary & Coroners","12","G6","61200","75200","Senior Legal Adviser","2.80","Law"
"Attorney General's Office","Government Legal Department","Ministry of Justice Legal Advisers - Courts, Tribunals, Judiciary & Coroners","12","G7","48400","61000","Legal Adviser","3.94","Law"
"Attorney General's Office","Government Legal Department","Ministry of Justice Legal Advisers - Human Rights, Criminal Law and Sentencing Team","17","G6","61200","75200","Senior Legal Adviser","3.66","Law"
"Attorney General's Office","Government Legal Department","Ministry of Justice Legal Advisers - Human Rights, Criminal Law and Sentencing Team","17","G7","48400","61000","Legal Adviser","4.74","Law"
"Attorney General's Office","Government Legal Department","Ministry of Justice Legal Advisers - Human Rights, Criminal Law and Sentencing Team","17","LT","28280","32320","Legal Trainee","1.00","Law"
"Attorney General's Office","Government Legal Department","Ministry of Justice Legal Advisers - Justice Reform & Legal Aid","15","G6","61200","75200","Senior Legal Adviser","2.38","Law"
"Attorney General's Office","Government Legal Department","Ministry of Justice Legal Advisers - Justice Reform & Legal Aid","15","G7","48400","61000","Legal Adviser","4.00","Law"
"Attorney General's Office","Government Legal Department","Ministry of Justice Legal Advisers - Justice Reform & Legal Aid","15","LO","42420","42420","Legal Manager","1.00","Law"
"Attorney General's Office","Government Legal Department","Ministry of Justice Legal Advisers - Legal Aid Agency","16","G6","61200","75200","Senior Legal Adviser","2.89","Law"
"Attorney General's Office","Government Legal Department","Ministry of Justice Legal Advisers - Legal Aid Agency","16","G7","48400","61000","Legal Adviser","3.00","Law"
"Attorney General's Office","Government Legal Department","Ministry of Justice Legal Advisers - Offender Management","14","EO","25290","30000","Legal Officer","1.00","Law"
"Attorney General's Office","Government Legal Department","Ministry of Justice Legal Advisers - Offender Management","14","G6","61200","75200","Senior Legal Adviser","2.00","Law"
"Attorney General's Office","Government Legal Department","Ministry of Justice Legal Advisers - Offender Management","14","G7","48400","61000","Legal Adviser","5.00","Law"
"Attorney General's Office","Government Legal Department","Ministry of Justice Legal Advisers - Offender Management","14","LT","28280","32320","Legal Trainee","1.00","Law"
"Attorney General's Office","Government Legal Department","Parental/Maternity/Adoption/Other Leave","129","EO","25290","30000","Not in Post","3.80","Other"
"Attorney General's Office","Government Legal Department","Parental/Maternity/Adoption/Other Leave","129","G6","61200","75200","Not in Post","23.66","Other"
"Attorney General's Office","Government Legal Department","Parental/Maternity/Adoption/Other Leave","129","G7","48400","61000","Not in Post","31.54","Other"
"Attorney General's Office","Government Legal Department","Parental/Maternity/Adoption/Other Leave","129","HEO","29550","35000","Not in Post","1.00","Other"
"Attorney General's Office","Government Legal Department","Parental/Maternity/Adoption/Other Leave","129","LO","42420","42420","Not in Post","1.00","Other"
"Attorney General's Office","Government Legal Department","Parental/Maternity/Adoption/Other Leave","129","SEO","36250","43000","Not in Post","1.50","Other"
"Attorney General's Office","Government Legal Department","Private Office","1","AO","21850","23800","Operational Support Officer","1.00","Operational Delivery"
"Attorney General's Office","Government Legal Department","Private Office","1","EO","25290","30000","Operational Officer","2.00","Operational Delivery"
"Attorney General's Office","Government Legal Department","Private Office","1","HEO","29550","35000","Operational Manager","1.00","Operational Delivery"
"Attorney General's Office","Government Legal Department","Secondment Out","129","EO","25290","30000","Not in Post","1.00","Other"
"Attorney General's Office","Government Legal Department","Secondment Out","129","G6","61200","75200","Not in Post","13.29","Other"
"Attorney General's Office","Government Legal Department","Secondment Out","129","G7","48400","61000","Not in Post","1.00","Other"
"Attorney General's Office","Government Legal Department","Secondment Out","129","LO","42420","42420","Not in Post","0.80","Other"
"Attorney General's Office","Government Legal Department","Secondment Out","129","LT","28280","32320","Not in Post","1.00","Other"
"Attorney General's Office","Government Legal Department","Statutory Instruments  Hub for BEIS, CO, DFE, HO & MOJ","69","G6","61200","75200","Senior Legal Adviser","5.13","Law"
"Attorney General's Office","Government Legal Department","Statutory Instruments  Hub for BEIS, CO, DFE, HO & MOJ","69","G7","48400","61000","Legal Adviser","1.00","Law"
"Attorney General's Office","Government Legal Department","Statutory Instruments  Hub for DCLG, DH, DWP, DIT & MOD","166","G6","61200","75200","Senior Legal Adviser","3.97","Law"
"Attorney General's Office","Government Legal Department","Statutory Instruments  Hub for DCLG, DH, DWP, DIT & MOD","166","G7","48400","61000","Legal Adviser","2.00","Law"
"Attorney General's Office","Government Legal Department","Statutory Instruments  Hub for DCMS, DEFRA, DFT, HSE & HMT","138","G6","61200","75200","Senior Legal Adviser","5.00","Law"
"Attorney General's Office","Government Legal Department","Statutory Instruments  Hub for DCMS, DEFRA, DFT, HSE & HMT","138","G7","48400","61000","Legal Adviser","2.61","Law"
"Attorney General's Office","Government Legal Department","Ministry of Defence Legal Advisers - Legal Services in Germany","72","G6","61200","75200","Senior Legal Adviser","1.00","Law"
